"Наименование запроса","текст запроса","Результат выполнения","План (до 10тыс строк)","План (до 10млн строк)","План (до 10млн) с оптимизациями","Перечень оптимизаций"
"Формирование афиши на сегодня","SELECT m.movie_id, m.movie_name, h.hall_name, ms.date_of_start, ms.date_of_end FROM movies AS m
INNER JOIN movie_sessions AS ms ON m.movie_id = ms.movie_id
INNER JOIN halls AS h ON ms.hall_id = h.hall_id
WHERE ms.date_of_start BETWEEN CURRENT_DATE AND CURRENT_DATE + INTERVAL '1 day';"," movie_id |  movie_name   |   hall_name   |    date_of_start    |     date_of_end     
----------+---------------+---------------+---------------------+---------------------
       32 | movie_name_32 | Большой зал   | 2026-08-05 09:00:00 | 2026-08-05 11:00:00
       31 | movie_name_31 | Большой зал   | 2026-08-05 12:00:00 | 2026-08-05 14:00:00
       30 | movie_name_30 | Большой зал   | 2026-08-05 14:00:00 | 2026-08-05 16:00:00
       29 | movie_name_29 | Большой зал   | 2026-08-05 16:00:00 | 2026-08-05 18:00:00
       28 | movie_name_28 | Большой зал   | 2026-08-05 18:00:00 | 2026-08-05 20:00:00
       27 | movie_name_27 | Большой зал   | 2026-08-05 20:00:00 | 2026-08-05 22:00:00
       26 | movie_name_26 | Большой зал   | 2026-08-05 22:00:00 | 2026-08-06 00:00:00
       32 | movie_name_32 | Средний зал   | 2026-08-05 09:00:00 | 2026-08-05 11:00:00
       31 | movie_name_31 | Средний зал   | 2026-08-05 12:00:00 | 2026-08-05 14:00:00
       30 | movie_name_30 | Средний зал   | 2026-08-05 14:00:00 | 2026-08-05 16:00:00
       29 | movie_name_29 | Средний зал   | 2026-08-05 16:00:00 | 2026-08-05 18:00:00
       28 | movie_name_28 | Средний зал   | 2026-08-05 18:00:00 | 2026-08-05 20:00:00
       27 | movie_name_27 | Средний зал   | 2026-08-05 20:00:00 | 2026-08-05 22:00:00
       26 | movie_name_26 | Средний зал   | 2026-08-05 22:00:00 | 2026-08-06 00:00:00
       32 | movie_name_32 | Маленький зал | 2026-08-05 09:00:00 | 2026-08-05 11:00:00
       31 | movie_name_31 | Маленький зал | 2026-08-05 12:00:00 | 2026-08-05 14:00:00
       30 | movie_name_30 | Маленький зал | 2026-08-05 14:00:00 | 2026-08-05 16:00:00
       29 | movie_name_29 | Маленький зал | 2026-08-05 16:00:00 | 2026-08-05 18:00:00
       28 | movie_name_28 | Маленький зал | 2026-08-05 18:00:00 | 2026-08-05 20:00:00
       27 | movie_name_27 | Маленький зал | 2026-08-05 20:00:00 | 2026-08-05 22:00:00
       26 | movie_name_26 | Маленький зал | 2026-08-05 22:00:00 | 2026-08-06 00:00:00
(21 rows)"," Nested Loop  (cost=7.66..142.04 rows=24 width=550) (actual time=0.133..1.056 rows=21 loops=1)
   Buffers: shared hit=40
   ->  Hash Join  (cost=7.50..133.06 rows=24 width=38) (actual time=0.116..1.020 rows=21 loops=1)
         Hash Cond: (ms.movie_id = m.movie_id)
         Buffers: shared hit=34
         ->  Seq Scan on movie_sessions ms  (cost=0.00..125.50 rows=24 width=24) (actual time=0.019..0.915 rows=21 loops=1)
               Filter: ((date_of_start >= CURRENT_DATE) AND (date_of_start <= (CURRENT_DATE + '1 day'::interval)))
               Rows Removed by Filter: 4179
               Buffers: shared hit=31
         ->  Hash  (cost=5.00..5.00 rows=200 width=18) (actual time=0.085..0.085 rows=200 loops=1)
               Buckets: 1024  Batches: 1  Memory Usage: 18kB
               Buffers: shared hit=3
               ->  Seq Scan on movies m  (cost=0.00..5.00 rows=200 width=18) (actual time=0.005..0.032 rows=200 loops=1)
                     Buffers: shared hit=3
   ->  Memoize  (cost=0.15..2.17 rows=1 width=520) (actual time=0.001..0.001 rows=1 loops=21)
         Cache Key: ms.hall_id
         Cache Mode: logical
         Hits: 18  Misses: 3  Evictions: 0  Overflows: 0  Memory Usage: 1kB
         Buffers: shared hit=6
         ->  Index Scan using halls_pkey on halls h  (cost=0.14..2.16 rows=1 width=520) (actual time=0.005..0.005 rows=1 loops=3)
               Index Cond: (hall_id = ms.hall_id)
               Buffers: shared hit=6
 Planning:
   Buffers: shared hit=4
 Planning Time: 0.327 ms
 Execution Time: 1.110 ms
(26 rows)"," Nested Loop  (cost=0.44..3287.68 rows=23 width=551) (actual time=0.064..19.104 rows=21 loops=1)
   Buffers: shared hit=67 read=775
   ->  Nested Loop  (cost=0.28..3278.40 rows=23 width=39) (actual time=0.037..19.056 rows=21 loops=1)
         Buffers: shared hit=63 read=773
         ->  Seq Scan on movie_sessions ms  (cost=0.00..3135.50 rows=23 width=24) (actual time=0.026..18.991 rows=21 loops=1)
               Filter: ((date_of_start >= CURRENT_DATE) AND (date_of_start <= (CURRENT_DATE + '1 day'::interval)))
               Rows Removed by Filter: 104979
               Buffers: shared read=773
         ->  Index Scan using movies_pkey on movies m  (cost=0.28..6.21 rows=1 width=19) (actual time=0.002..0.002 rows=1 loops=21)
               Index Cond: (movie_id = ms.movie_id)
               Buffers: shared hit=63
   ->  Memoize  (cost=0.15..2.26 rows=1 width=520) (actual time=0.002..0.002 rows=1 loops=21)
         Cache Key: ms.hall_id
         Cache Mode: logical
         Hits: 18  Misses: 3  Evictions: 0  Overflows: 0  Memory Usage: 1kB
         Buffers: shared hit=4 read=2
         ->  Index Scan using halls_pkey on halls h  (cost=0.14..2.25 rows=1 width=520) (actual time=0.009..0.009 rows=1 loops=3)
               Index Cond: (hall_id = ms.hall_id)
               Buffers: shared hit=4 read=2
 Planning:
   Buffers: shared hit=6 read=9 dirtied=2
 Planning Time: 0.418 ms
 Execution Time: 19.149 ms
(23 rows)"," Nested Loop  (cost=4.97..237.33 rows=23 width=551) (actual time=0.058..0.148 rows=21 loops=1)
   Buffers: shared hit=91 read=1
   ->  Nested Loop  (cost=4.82..228.05 rows=23 width=39) (actual time=0.042..0.113 rows=21 loops=1)
         Buffers: shared hit=85 read=1
         ->  Bitmap Heap Scan on movie_sessions ms  (cost=4.54..85.15 rows=23 width=24) (actual time=0.025..0.055 rows=21 loops=1)
               Recheck Cond: ((date_of_start >= CURRENT_DATE) AND (date_of_start <= (CURRENT_DATE + '1 day'::interval)))
               Heap Blocks: exact=21
               Buffers: shared hit=22 read=1
               ->  Bitmap Index Scan on movie_sessions_date_of_start_idx  (cost=0.00..4.53 rows=23 width=0) (actual time=0.016..0.016 rows=21 loops=1)
                     Index Cond: ((date_of_start >= CURRENT_DATE) AND (date_of_start <= (CURRENT_DATE + '1 day'::interval)))
                     Buffers: shared hit=1 read=1
         ->  Index Scan using movies_pkey on movies m  (cost=0.28..6.21 rows=1 width=19) (actual time=0.002..0.002 rows=1 loops=21)
               Index Cond: (movie_id = ms.movie_id)
               Buffers: shared hit=63
   ->  Memoize  (cost=0.15..2.26 rows=1 width=520) (actual time=0.001..0.001 rows=1 loops=21)
         Cache Key: ms.hall_id
         Cache Mode: logical
         Hits: 18  Misses: 3  Evictions: 0  Overflows: 0  Memory Usage: 1kB
         Buffers: shared hit=6
         ->  Index Scan using halls_pkey on halls h  (cost=0.14..2.25 rows=1 width=520) (actual time=0.005..0.005 rows=1 loops=3)
               Index Cond: (hall_id = ms.hall_id)
               Buffers: shared hit=6
 Planning:
   Buffers: shared hit=29 read=3
 Planning Time: 0.538 ms
 Execution Time: 0.210 ms
(26 rows)
","Ввиду фильтрации по полю date_of_start таблицы movie_session, был создан b-tree индекс 
movie_sessions_date_of_start_idx по полю date_of_start."
,,,,,,
,,,,,,
"Подсчет кл-ва проданных билетов","SELECT COUNT(bt.booked_ticket_id) AS booked_tickets_count FROM booked_tickets AS bt WHERE bt.date_of_booked BETWEEN CURRENT_DATE - INTERVAL '1 week' AND CURRENT_DATE;","Результат запроса:
 booked_tickets_count 
----------------------
                 6125
(1 row)"," Finalize Aggregate  (cost=4643.76..4643.77 rows=1 width=8) (actual time=23.654..30.529 rows=1 loops=1)
   Buffers: shared hit=1318
   ->  Gather  (cost=4643.65..4643.76 rows=1 width=8) (actual time=23.582..30.523 rows=2 loops=1)
         Workers Planned: 1
         Workers Launched: 1
         Buffers: shared hit=1318
         ->  Partial Aggregate  (cost=3643.65..3643.66 rows=1 width=8) (actual time=12.187..12.187 rows=1 loops=2)
               Buffers: shared hit=1318
               ->  Parallel Seq Scan on booked_tickets bt  (cost=0.00..3634.18 rows=3788 width=4) (actual time=0.182..11.908 rows=3062 loops=2)
                     Filter: ((date_of_booked <= CURRENT_DATE) AND (date_of_booked >= (CURRENT_DATE - '7 days'::interval)))
                     Rows Removed by Filter: 84438
                     Buffers: shared hit=1318
 Planning Time: 0.117 ms
 Execution Time: 30.574 ms
(14 rows)"," Finalize Aggregate  (cost=74956.29..74956.30 rows=1 width=8) (actual time=128.253..135.164 rows=1 loops=1)
   Buffers: shared hit=15229 read=17709
   ->  Gather  (cost=74956.08..74956.29 rows=2 width=8) (actual time=128.163..135.159 rows=3 loops=1)
         Workers Planned: 2
         Workers Launched: 2
         Buffers: shared hit=15229 read=17709
         ->  Partial Aggregate  (cost=73956.08..73956.09 rows=1 width=8) (actual time=113.252..113.253 rows=1 loops=3)
               Buffers: shared hit=15229 read=17709
               ->  Parallel Seq Scan on booked_tickets bt  (cost=0.00..73949.77 rows=2522 width=4) (actual time=3.190..113.130 rows=2042 loops=3)
                     Filter: ((date_of_booked <= CURRENT_DATE) AND (date_of_booked >= (CURRENT_DATE - '7 days'::interval)))
                     Rows Removed by Filter: 1456292
                     Buffers: shared hit=15229 read=17709
 Planning:
   Buffers: shared hit=24
 Planning Time: 0.282 ms
 Execution Time: 135.195 ms
(16 rows)"," Aggregate  (cost=15585.89..15585.90 rows=1 width=8) (actual time=1.125..1.126 rows=1 loops=1)
   Buffers: shared hit=47 read=48
   ->  Bitmap Heap Scan on booked_tickets bt  (cost=86.45..15570.77 rows=6050 width=4) (actual time=0.120..0.782 rows=6125 loops=1)
         Recheck Cond: ((date_of_booked >= (CURRENT_DATE - '7 days'::interval)) AND (date_of_booked <= CURRENT_DATE))
         Heap Blocks: exact=87
         Buffers: shared hit=47 read=48
         ->  Bitmap Index Scan on booked_tickets_date_of_booked_idx  (cost=0.00..84.94 rows=6050 width=0) (actual time=0.103..0.103 rows=6125 loops=1)
               Index Cond: ((date_of_booked >= (CURRENT_DATE - '7 days'::interval)) AND (date_of_booked <= CURRENT_DATE))
               Buffers: shared hit=2 read=6
 Planning:
   Buffers: shared hit=21 read=4
 Planning Time: 0.263 ms
 Execution Time: 1.147 ms
(13 rows)
","Фильтрация в таблице booked_tickets осуществляется по полю date_of_booked. Был создан b-tree индекс
booked_tickets_date_of_booked_idx на поле date_of_booked.
"
,,,,,,
"Вывод трех самых прибыльных фильмов на сегодня","SELECT m.movie_id, m.movie_name
FROM movies AS m
INNER JOIN movie_sessions AS ms ON m.movie_id = ms.movie_id
INNER JOIN tickets AS t ON ms.movie_session_id = t.movie_session_id
INNER JOIN booked_tickets AS bt ON t.ticket_id = bt.ticket_id
WHERE ms.date_of_start BETWEEN CURRENT_DATE - INTERVAL '7 days' AND CURRENT_DATE
GROUP BY m.movie_id, m.movie_name
ORDER BY SUM(t.ticket_price)
LIMIT 3;"," movie_id |  movie_name   
----------+---------------
       19 | movie_name_19
       31 | movie_name_31
       30 | movie_name_30
(3 rows)"," Limit  (cost=8875.82..8875.82 rows=3 width=50) (actual time=68.358..74.718 rows=3 loops=1)
   Buffers: shared hit=3626
   ->  Sort  (cost=8875.82..8876.32 rows=200 width=50) (actual time=68.356..74.715 rows=3 loops=1)
         Sort Key: (sum(t.ticket_price))
         Sort Method: top-N heapsort  Memory: 25kB
         Buffers: shared hit=3626
         ->  Finalize GroupAggregate  (cost=8846.23..8873.23 rows=200 width=50) (actual time=68.306..74.697 rows=13 loops=1)
               Group Key: m.movie_id
               Buffers: shared hit=3626
               ->  Gather Merge  (cost=8846.23..8869.23 rows=200 width=50) (actual time=68.289..74.654 rows=26 loops=1)
                     Workers Planned: 1
                     Workers Launched: 1
                     Buffers: shared hit=3626
                     ->  Sort  (cost=7846.22..7846.72 rows=200 width=50) (actual time=56.312..56.317 rows=13 loops=2)
                           Sort Key: m.movie_id
                           Sort Method: quicksort  Memory: 26kB
                           Buffers: shared hit=3626
                           Worker 0:  Sort Method: quicksort  Memory: 26kB
                           ->  Partial HashAggregate  (cost=7836.08..7838.58 rows=200 width=50) (actual time=56.270..56.279 rows=13 loops=2)
                                 Group Key: m.movie_id
                                 Batches: 1  Memory Usage: 40kB
                                 Buffers: shared hit=3619
                                 Worker 0:  Batches: 1  Memory Usage: 40kB
                                 ->  Hash Join  (cost=5054.10..7818.18 rows=3579 width=23) (actual time=39.064..55.639 rows=3062 loops=2)
                                       Hash Cond: (ms.movie_id = m.movie_id)
                                       Buffers: shared hit=3619
                                       ->  Parallel Hash Join  (cost=5046.60..7801.09 rows=3579 width=9) (actual time=38.952..54.806 rows=3062 loops=2)
                                             Hash Cond: (bt.ticket_id = t.ticket_id)
                                             Buffers: shared hit=3610
                                             ->  Parallel Seq Scan on booked_tickets bt  (cost=0.00..2347.41 rows=102941 width=4) (actual time=0.003..5.932 rows=87500 loops=2)
                                                   Buffers: shared hit=1318
                                             ->  Parallel Hash  (cost=4957.13..4957.13 rows=7157 width=13) (actual time=38.604..38.606 rows=6125 loops=2)
                                                   Buckets: 16384  Batches: 1  Memory Usage: 736kB
                                                   Buffers: shared hit=2292
                                                   ->  Hash Join  (cost=127.33..4957.13 rows=7157 width=13) (actual time=1.995..36.830 rows=6125 loops=2)
                                                         Hash Cond: (t.movie_session_id = ms.movie_session_id)
                                                         Buffers: shared hit=2292
                                                         ->  Parallel Seq Scan on tickets t  (cost=0.00..4288.82 rows=205882 width=13) (actual time=0.005..15.214 rows=175000 loops=2)
                                                               Buffers: shared hit=2230
                                                         ->  Hash  (cost=125.50..125.50 rows=146 width=8) (actual time=0.612..0.612 rows=147 loops=2)
                                                               Buckets: 1024  Batches: 1  Memory Usage: 14kB
                                                               Buffers: shared hit=62
                                                               ->  Seq Scan on movie_sessions ms  (cost=0.00..125.50 rows=146 width=8) (actual time=0.019..0.576 rows=147 loops=2)
                                                                     Filter: ((date_of_start <= CURRENT_DATE) AND (date_of_start >= (CURRENT_DATE - '7 days'::interval)))
                                                                     Rows Removed by Filter: 4053
                                                                     Buffers: shared hit=62
                                       ->  Hash  (cost=5.00..5.00 rows=200 width=18) (actual time=0.093..0.094 rows=200 loops=2)
                                             Buckets: 1024  Batches: 1  Memory Usage: 18kB
                                             Buffers: shared hit=6
                                             ->  Seq Scan on movies m  (cost=0.00..5.00 rows=200 width=18) (actual time=0.015..0.043 rows=200 loops=2)
                                                   Buffers: shared hit=6
 Planning:
   Buffers: shared hit=37
 Planning Time: 0.988 ms
 Execution Time: 74.880 ms
(55 rows)"," Limit  (cost=42025.47..42025.47 rows=3 width=51) (actual time=43.131..43.133 rows=3 loops=1)
   Buffers: shared hit=38317
   ->  Sort  (cost=42025.47..42037.97 rows=5000 width=51) (actual time=43.129..43.131 rows=3 loops=1)
         Sort Key: (sum(t.ticket_price))
         Sort Method: top-N heapsort  Memory: 25kB
         Buffers: shared hit=38317
         ->  GroupAggregate  (cost=3141.77..41960.84 rows=5000 width=51) (actual time=11.644..43.112 rows=13 loops=1)
               Group Key: m.movie_id
               Buffers: shared hit=38317
               ->  Nested Loop  (cost=3141.77..41868.55 rows=5958 width=24) (actual time=10.949..41.819 rows=6125 loops=1)
                     Buffers: shared hit=38317
                     ->  Nested Loop  (cost=3141.34..36203.44 rows=11917 width=28) (actual time=10.929..16.456 rows=12250 loops=1)
                           Buffers: shared hit=1448
                           ->  Merge Join  (cost=3140.90..3357.55 rows=143 width=23) (actual time=10.903..10.968 rows=147 loops=1)
                                 Merge Cond: (m.movie_id = ms.movie_id)
                                 Buffers: shared hit=776
                                 ->  Index Scan using movies_pkey on movies m  (cost=0.28..202.28 rows=5000 width=19) (actual time=0.021..0.029 rows=32 loops=1)
                                       Buffers: shared hit=3
                                 ->  Sort  (cost=3140.62..3140.98 rows=143 width=8) (actual time=10.870..10.883 rows=147 loops=1)
                                       Sort Key: ms.movie_id
                                       Sort Method: quicksort  Memory: 28kB
                                       Buffers: shared hit=773
                                       ->  Seq Scan on movie_sessions ms  (cost=0.00..3135.50 rows=143 width=8) (actual time=0.017..10.830 rows=147 loops=1)
                                             Filter: ((date_of_start <= CURRENT_DATE) AND (date_of_start >= (CURRENT_DATE - '7 days'::interval)))
                                             Rows Removed by Filter: 104853
                                             Buffers: shared hit=773
                           ->  Index Scan using per_one_place on tickets t  (cost=0.43..228.20 rows=149 width=13) (actual time=0.005..0.023 rows=83 loops=147)
                                 Index Cond: (movie_session_id = ms.movie_session_id)
                                 Buffers: shared hit=672
                     ->  Index Only Scan using one_customer_per_ticket on booked_tickets bt  (cost=0.43..0.47 rows=1 width=4) (actual time=0.002..0.002 rows=0 loops=12250)
                           Index Cond: (ticket_id = t.ticket_id)
                           Heap Fetches: 0
                           Buffers: shared hit=36869
 Planning:
   Buffers: shared hit=39
 Planning Time: 0.857 ms
 Execution Time: 43.243 ms
(37 rows)"," Limit  (cost=39261.17..39261.17 rows=3 width=51) (actual time=34.287..34.290 rows=3 loops=1)
   Buffers: shared hit=37568
   ->  Sort  (cost=39261.17..39273.67 rows=5000 width=51) (actual time=34.286..34.289 rows=3 loops=1)
         Sort Key: (sum(t.ticket_price))
         Sort Method: top-N heapsort  Memory: 25kB
         Buffers: shared hit=37568
         ->  GroupAggregate  (cost=377.47..39196.54 rows=5000 width=51) (actual time=0.863..34.267 rows=13 loops=1)
               Group Key: m.movie_id
               Buffers: shared hit=37568
               ->  Nested Loop  (cost=377.47..39104.25 rows=5958 width=24) (actual time=0.177..32.894 rows=6125 loops=1)
                     Buffers: shared hit=37568
                     ->  Nested Loop  (cost=377.03..33439.14 rows=11917 width=28) (actual time=0.161..6.077 rows=12250 loops=1)
                           Buffers: shared hit=701
                           ->  Merge Join  (cost=376.60..593.24 rows=143 width=23) (actual time=0.142..0.210 rows=147 loops=1)
                                 Merge Cond: (m.movie_id = ms.movie_id)
                                 Buffers: shared hit=28
                                 ->  Index Scan using movies_pkey on movies m  (cost=0.28..202.28 rows=5000 width=19) (actual time=0.022..0.030 rows=33 loops=1)
                                       Buffers: shared hit=3
                                 ->  Sort  (cost=376.32..376.67 rows=143 width=8) (actual time=0.110..0.124 rows=147 loops=1)
                                       Sort Key: ms.movie_id
                                       Sort Method: quicksort  Memory: 28kB
                                       Buffers: shared hit=25
                                       ->  Bitmap Heap Scan on movie_sessions ms  (cost=5.77..371.20 rows=143 width=8) (actual time=0.025..0.073 rows=147 loops=1)
                                             Recheck Cond: ((date_of_start >= (CURRENT_DATE - '7 days'::interval)) AND (date_of_start <= CURRENT_DATE))
                                             Heap Blocks: exact=22
                                             Buffers: shared hit=25
                                             ->  Bitmap Index Scan on movie_sessions_date_of_start_idx  (cost=0.00..5.73 rows=143 width=0) (actual time=0.016..0.016 rows=147 loops=1)
                                                   Index Cond: ((date_of_start >= (CURRENT_DATE - '7 days'::interval)) AND (date_of_start <= CURRENT_DATE))
                                                   Buffers: shared hit=3
                           ->  Index Scan using per_one_place on tickets t  (cost=0.43..228.20 rows=149 width=13) (actual time=0.006..0.024 rows=83 loops=147)
                                 Index Cond: (movie_session_id = ms.movie_session_id)
                                 Buffers: shared hit=673
                     ->  Index Only Scan using one_customer_per_ticket on booked_tickets bt  (cost=0.43..0.47 rows=1 width=4) (actual time=0.002..0.002 rows=0 loops=12250)
                           Index Cond: (ticket_id = t.ticket_id)
                           Heap Fetches: 0
                           Buffers: shared hit=36867
 Planning:
   Buffers: shared hit=45
 Planning Time: 0.943 ms
 Execution Time: 34.411 ms
(40 rows)
","Учитывая, что здесь уже используются индексы, которые были созданы в рамках проектирования ограничений
физической модели данных, прибавку в 10ms дает ранее созданный индекс
movie_sessions_date_of_start_idx. Вместо full scan при джоине movie_sessions и tickets используется index scan
по условию ms.movie_session_id = t.ticket_id (где ms — movie_sessions, а t — tickets). Postgres берет его из
ограничения UNIQUE на  пару полей (movie_session_id, ticket_id).  Вместо full scan про джоине tickets и 
booked_tickets, используется index scan по полю booked_tickets.ticket_id, взятое из unique ограничения на поля
(ticket_id, customer_id) таблицы booked_tickets."
,,,,,,
"Вывод конкретного киносеанса с минимальной и максимальной стоимостью билета","SELECT m.movie_id, ms.movie_session_id, m.movie_name, MIN(t.ticket_price), MAX(t.ticket_price) FROM movies AS m
INNER JOIN movie_sessions AS ms ON m.movie_id = ms.movie_id
INNER JOIN tickets AS t ON ms.movie_session_id = t.movie_session_id
WHERE ms.movie_session_id = 1
GROUP BY m.movie_id, ms.movie_session_id, m.movie_name;"," movie_id | movie_session_id |  movie_name  |  min   |   max   
----------+------------------+--------------+--------+---------
        1 |                1 | movie_name_1 | 500.00 | 1000.00
(1 row)"," HashAggregate  (cost=163.36..164.17 rows=81 width=86) (actual time=0.197..0.199 rows=1 loops=1)
   Group Key: m.movie_id
   Batches: 1  Memory Usage: 24kB
   Buffers: shared hit=10
   ->  Nested Loop  (cost=8.73..162.75 rows=81 width=27) (actual time=0.067..0.150 rows=120 loops=1)
         Buffers: shared hit=10
         ->  Hash Join  (cost=8.31..13.85 rows=1 width=22) (actual time=0.049..0.090 rows=1 loops=1)
               Hash Cond: (m.movie_id = ms.movie_id)
               Buffers: shared hit=6
               ->  Seq Scan on movies m  (cost=0.00..5.00 rows=200 width=18) (actual time=0.008..0.026 rows=200 loops=1)
                     Buffers: shared hit=3
               ->  Hash  (cost=8.30..8.30 rows=1 width=8) (actual time=0.030..0.030 rows=1 loops=1)
                     Buckets: 1024  Batches: 1  Memory Usage: 9kB
                     Buffers: shared hit=3
                     ->  Index Scan using movie_sessions_pkey on movie_sessions ms  (cost=0.28..8.30 rows=1 width=8) (actual time=0.021..0.022 rows=1 loops=1)
                           Index Cond: (movie_session_id = 1)
                           Buffers: shared hit=3
         ->  Index Scan using per_one_place on tickets t  (cost=0.42..148.09 rows=81 width=9) (actual time=0.017..0.039 rows=120 loops=1)
               Index Cond: (movie_session_id = 1)
               Buffers: shared hit=4
 Planning:
   Buffers: shared hit=7
 Planning Time: 0.341 ms
 Execution Time: 0.277 ms
(24 rows)"," HashAggregate  (cost=289.26..290.75 rows=149 width=87) (actual time=0.163..0.165 rows=1 loops=1)
   Group Key: m.movie_id
   Batches: 1  Memory Usage: 40kB
   Buffers: shared hit=9 read=1
   ->  Nested Loop  (cost=1.01..288.15 rows=149 width=28) (actual time=0.070..0.114 rows=120 loops=1)
         Buffers: shared hit=9 read=1
         ->  Nested Loop  (cost=0.57..16.61 rows=1 width=23) (actual time=0.029..0.030 rows=1 loops=1)
               Buffers: shared hit=6
               ->  Index Scan using movie_sessions_pkey on movie_sessions ms  (cost=0.29..8.31 rows=1 width=8) (actual time=0.015..0.015 rows=1 loops=1)
                     Index Cond: (movie_session_id = 1)
                     Buffers: shared hit=3
               ->  Index Scan using movies_pkey on movies m  (cost=0.28..8.30 rows=1 width=19) (actual time=0.010..0.010 rows=1 loops=1)
                     Index Cond: (movie_id = ms.movie_id)
                     Buffers: shared hit=3
         ->  Index Scan using per_one_place on tickets t  (cost=0.43..270.04 rows=149 width=9) (actual time=0.040..0.063 rows=120 loops=1)
               Index Cond: (movie_session_id = 1)
               Buffers: shared hit=3 read=1
 Planning:
   Buffers: shared hit=9
 Planning Time: 0.335 ms
 Execution Time: 0.219 ms
(21 rows)","Не нуждается в оптимизации",
,,,,,,
"Формирование визуальной схемы зала с выводом свободных и занятых мест на конкретный киносеанс","WITH hall_schema AS (
    SELECT m.movie_id, ms.movie_session_id, m.movie_name, h.hall_name, hr.hall_row_number, p.place_number,
    CASE
        WHEN bt.booked_ticket_id IS NULL THEN 'Свободно'
        ELSE 'Занято'
    END AS place_status
    FROM movies AS m 
    INNER JOIN movie_sessions AS ms ON m.movie_id = ms.movie_id
    INNER JOIN tickets AS t ON ms.movie_session_id = t.movie_session_id
    LEFT JOIN booked_tickets AS bt ON t.ticket_id = bt.ticket_id
    INNER JOIN places AS p ON t.place_id = p.place_id
    INNER JOIN hall_rows AS hr ON p.hall_row_id = hr.hall_row_id
    INNER JOIN halls AS h ON hr.hall_id = h.hall_id
    WHERE ms.movie_session_id = 1
    ORDER BY hr.hall_row_number, p.place_number
)
SELECT hs.hall_row_number, ARRAY_AGG(CASE WHEN hs.place_status = 'Свободно' THEN '|' || hs.place_number::varchar(3) || '|' ELSE '|B|' END) AS places FROM
hall_schema AS hs GROUP BY hs.hall_row_number;"," hall_row_number |                  places                   
-----------------+-------------------------------------------
               1 | {|1|,|B|,|3|,|B|,|5|,|B|,|7|,|B|,|9|,|B|}
               2 | {|1|,|B|,|3|,|B|,|5|,|B|,|7|,|B|,|9|,|B|}
               3 | {|1|,|B|,|3|,|B|,|5|,|B|,|7|,|B|,|9|,|B|}
               4 | {|1|,|B|,|3|,|B|,|5|,|B|,|7|,|B|,|9|,|B|}
               5 | {|1|,|B|,|3|,|B|,|5|,|B|,|7|,|B|,|9|,|B|}
               6 | {|1|,|B|,|3|,|B|,|5|,|B|,|7|,|B|,|9|,|B|}
               7 | {|1|,|B|,|3|,|B|,|5|,|B|,|7|,|B|,|9|,|B|}
               8 | {|1|,|B|,|3|,|B|,|5|,|B|,|7|,|B|,|9|,|B|}
               9 | {|1|,|B|,|3|,|B|,|5|,|B|,|7|,|B|,|9|,|B|}
              10 | {|1|,|B|,|3|,|B|,|5|,|B|,|7|,|B|,|9|,|B|}
              11 | {|1|,|B|,|3|,|B|,|5|,|B|,|7|,|B|,|9|,|B|}
              12 | {|1|,|B|,|3|,|B|,|5|,|B|,|7|,|B|,|9|,|B|}
(12 rows)"," GroupAggregate  (cost=860.89..864.01 rows=39 width=34) (actual time=1.082..1.159 rows=12 loops=1)
   Group Key: hr.hall_row_number
   Buffers: shared hit=458
   ->  Sort  (cost=860.89..861.09 rows=81 width=1076) (actual time=1.064..1.077 rows=120 loops=1)
         Sort Key: hr.hall_row_number, p.place_number
         Sort Method: quicksort  Memory: 29kB
         Buffers: shared hit=458
         ->  Hash Join  (cost=16.55..858.32 rows=81 width=1076) (actual time=0.329..0.998 rows=120 loops=1)
               Hash Cond: (ms.movie_id = m.movie_id)
               Buffers: shared hit=458
               ->  Nested Loop  (cost=9.05..850.61 rows=81 width=12) (actual time=0.226..0.849 rows=120 loops=1)
                     Buffers: shared hit=455
                     ->  Nested Loop  (cost=8.90..840.42 rows=81 width=16) (actual time=0.206..0.756 rows=120 loops=1)
                           Buffers: shared hit=453
                           ->  Nested Loop  (cost=8.75..833.29 rows=81 width=14) (actual time=0.190..0.627 rows=120 loops=1)
                                 Buffers: shared hit=429
                                 ->  Index Scan using movie_sessions_pkey on movie_sessions ms  (cost=0.28..8.30 rows=1 width=8) (actual time=0.016..0.017 rows=1 loops=1)
                                       Index Cond: (movie_session_id = 1)
                                       Buffers: shared hit=3
                                 ->  Hash Join  (cost=8.47..824.18 rows=81 width=14) (actual time=0.172..0.586 rows=120 loops=1)
                                       Hash Cond: (t.place_id = p.place_id)
                                       Buffers: shared hit=426
                                       ->  Nested Loop Left Join  (cost=0.84..816.34 rows=81 width=12) (actual time=0.035..0.404 rows=120 loops=1)
                                             Buffers: shared hit=424
                                             ->  Index Scan using per_one_place on tickets t  (cost=0.42..148.09 rows=81 width=12) (actual time=0.021..0.056 rows=120 loops=1)
                                                   Index Cond: (movie_session_id = 1)
                                                   Buffers: shared hit=4
                                             ->  Index Scan using one_customer_per_ticket on booked_tickets bt  (cost=0.42..8.24 rows=1 width=8) (actual time=0.002..0.002 rows=0 loops=120)
                                                   Index Cond: (ticket_id = t.ticket_id)
                                                   Buffers: shared hit=420
                                       ->  Hash  (cost=4.50..4.50 rows=250 width=10) (actual time=0.129..0.129 rows=250 loops=1)
                                             Buckets: 1024  Batches: 1  Memory Usage: 19kB
                                             Buffers: shared hit=2
                                             ->  Seq Scan on places p  (cost=0.00..4.50 rows=250 width=10) (actual time=0.009..0.047 rows=250 loops=1)
                                                   Buffers: shared hit=2
                           ->  Memoize  (cost=0.15..0.21 rows=1 width=10) (actual time=0.001..0.001 rows=1 loops=120)
                                 Cache Key: p.hall_row_id
                                 Cache Mode: logical
                                 Hits: 108  Misses: 12  Evictions: 0  Overflows: 0  Memory Usage: 2kB
                                 Buffers: shared hit=24
                                 ->  Index Scan using hall_rows_pkey on hall_rows hr  (cost=0.14..0.20 rows=1 width=10) (actual time=0.002..0.002 rows=1 loops=12)
                                       Index Cond: (hall_row_id = p.hall_row_id)
                                       Buffers: shared hit=24
                     ->  Memoize  (cost=0.15..2.09 rows=1 width=4) (actual time=0.000..0.000 rows=1 loops=120)
                           Cache Key: hr.hall_id
                           Cache Mode: logical
                           Hits: 119  Misses: 1  Evictions: 0  Overflows: 0  Memory Usage: 1kB
                           Buffers: shared hit=2
                           ->  Index Only Scan using halls_pkey on halls h  (cost=0.14..2.08 rows=1 width=4) (actual time=0.017..0.017 rows=1 loops=1)
                                 Index Cond: (hall_id = hr.hall_id)
                                 Heap Fetches: 1
                                 Buffers: shared hit=2
               ->  Hash  (cost=5.00..5.00 rows=200 width=4) (actual time=0.092..0.092 rows=200 loops=1)
                     Buckets: 1024  Batches: 1  Memory Usage: 16kB
                     Buffers: shared hit=3
                     ->  Seq Scan on movies m  (cost=0.00..5.00 rows=200 width=4) (actual time=0.010..0.039 rows=200 loops=1)
                           Buffers: shared hit=3
 Planning:
   Buffers: shared hit=28
 Planning Time: 1.586 ms
 Execution Time: 1.350 ms
(61 rows)"," GroupAggregate  (cost=1584.78..1590.52 rows=72 width=34) (actual time=0.813..0.878 rows=12 loops=1)
   Group Key: hr.hall_row_number
   Buffers: shared hit=456 read=1
   ->  Sort  (cost=1584.78..1585.15 rows=149 width=1076) (actual time=0.797..0.808 rows=120 loops=1)
         Sort Key: hr.hall_row_number, p.place_number
         Sort Method: quicksort  Memory: 29kB
         Buffers: shared hit=456 read=1
         ->  Nested Loop Left Join  (cost=22.38..1579.40 rows=149 width=1076) (actual time=0.212..0.730 rows=120 loops=1)
               Buffers: shared hit=456 read=1
               ->  Hash Join  (cost=21.95..318.86 rows=149 width=8) (actual time=0.199..0.414 rows=120 loops=1)
                     Hash Cond: (hr.hall_id = h.hall_id)
                     Buffers: shared hit=37
                     ->  Nested Loop  (cost=8.80..305.31 rows=149 width=12) (actual time=0.179..0.364 rows=120 loops=1)
                           Buffers: shared hit=36
                           ->  Nested Loop  (cost=8.63..292.17 rows=149 width=10) (actual time=0.162..0.253 rows=120 loops=1)
                                 Buffers: shared hit=12
                                 ->  Nested Loop  (cost=0.57..12.61 rows=1 width=4) (actual time=0.034..0.035 rows=1 loops=1)
                                       Buffers: shared hit=6
                                       ->  Index Scan using movie_sessions_pkey on movie_sessions ms  (cost=0.29..8.31 rows=1 width=8) (actual time=0.015..0.016 rows=1 loops=1)
                                             Index Cond: (movie_session_id = 1)
                                             Buffers: shared hit=3
                                       ->  Index Only Scan using movies_pkey on movies m  (cost=0.28..4.30 rows=1 width=4) (actual time=0.015..0.015 rows=1 loops=1)
                                             Index Cond: (movie_id = ms.movie_id)
                                             Heap Fetches: 0
                                             Buffers: shared hit=3
                                 ->  Hash Join  (cost=8.06..278.07 rows=149 width=14) (actual time=0.127..0.200 rows=120 loops=1)
                                       Hash Cond: (t.place_id = p.place_id)
                                       Buffers: shared hit=6
                                       ->  Index Scan using per_one_place on tickets t  (cost=0.43..270.04 rows=149 width=12) (actual time=0.017..0.046 rows=120 loops=1)
                                             Index Cond: (movie_session_id = 1)
                                             Buffers: shared hit=4
                                       ->  Hash  (cost=4.50..4.50 rows=250 width=10) (actual time=0.100..0.101 rows=250 loops=1)
                                             Buckets: 1024  Batches: 1  Memory Usage: 19kB
                                             Buffers: shared hit=2
                                             ->  Seq Scan on places p  (cost=0.00..4.50 rows=250 width=10) (actual time=0.008..0.041 rows=250 loops=1)
                                                   Buffers: shared hit=2
                           ->  Memoize  (cost=0.17..0.37 rows=1 width=10) (actual time=0.000..0.000 rows=1 loops=120)
                                 Cache Key: p.hall_row_id
                                 Cache Mode: logical
                                 Hits: 108  Misses: 12  Evictions: 0  Overflows: 0  Memory Usage: 2kB
                                 Buffers: shared hit=24
                                 ->  Index Scan using hall_rows_pkey on hall_rows hr  (cost=0.15..0.36 rows=1 width=10) (actual time=0.002..0.002 rows=1 loops=12)
                                       Index Cond: (hall_row_id = p.hall_row_id)
                                       Buffers: shared hit=24
                     ->  Hash  (cost=11.40..11.40 rows=140 width=4) (actual time=0.010..0.010 rows=3 loops=1)
                           Buckets: 1024  Batches: 1  Memory Usage: 9kB
                           Buffers: shared hit=1
                           ->  Seq Scan on halls h  (cost=0.00..11.40 rows=140 width=4) (actual time=0.003..0.003 rows=3 loops=1)
                                 Buffers: shared hit=1
               ->  Index Scan using one_customer_per_ticket on booked_tickets bt  (cost=0.43..8.45 rows=1 width=8) (actual time=0.002..0.002 rows=0 loops=120)
                     Index Cond: (ticket_id = t.ticket_id)
                     Buffers: shared hit=419 read=1
 Planning:
   Buffers: shared hit=28 read=5 dirtied=2
 Planning Time: 1.590 ms
 Execution Time: 1.040 ms
(56 rows)","Не нуждается в оптимизации",
,,,,,,
"Получение всех фильмов на сегодня","SELECT m.movie_id, m.movie_name FROM movies AS m WHERE m.premier_date BETWEEN CURRENT_DATE AND CURRENT_DATE + INTERVAL '1 day';"," movie_id |  movie_name   
----------+---------------
       33 | movie_name_33
       34 | movie_name_34
(2 rows)
"," Seq Scan on movies m  (cost=0.00..172.50 rows=2 width=19) (actual time=0.015..1.076 rows=2 loops=1)
   Filter: ((premier_date >= CURRENT_DATE) AND (premier_date <= (CURRENT_DATE + '1 day'::interval)))
   Rows Removed by Filter: 4998
   Buffers: shared hit=60
 Planning Time: 0.076 ms
 Execution Time: 1.087 ms
(6 rows)"," Gather  (cost=1000.00..46003.53 rows=430 width=19) (actual time=0.400..118.232 rows=4 loops=1)
   Workers Planned: 2
   Workers Launched: 2
   Buffers: shared hit=13566 read=11675
   ->  Parallel Seq Scan on movies m  (cost=0.00..44960.53 rows=179 width=19) (actual time=59.009..96.102 rows=1 loops=3)
         Filter: ((premier_date >= CURRENT_DATE) AND (premier_date <= (CURRENT_DATE + '1 day'::interval)))
         Rows Removed by Filter: 668332
         Buffers: shared hit=13566 read=11675
 Planning Time: 0.079 ms
 Execution Time: 118.248 ms
(10 rows)
","Index Scan using movies_premier_date_idx on movies m  (cost=0.43..8.48 rows=2 width=22) (actual time=0.022..0.029 rows=4 loops=1)
   Index Cond: ((premier_date >= CURRENT_DATE) AND (premier_date <= (CURRENT_DATE + '1 day'::interval)))
   Buffers: shared hit=5 read=2
 Planning:
   Buffers: shared hit=37 read=4
 Planning Time: 0.397 ms
 Execution Time: 0.046 ms
(7 rows)
","Ввиду фильтрации по полю premier_date, был создан b-tree индекс movies_premier_date_idx на поле
premier_date таблицы movies"
